{"cameraMode":{"drawMode":2,"name":"Shaded Wireframe","section":"Shading Mode"},"sceneLighting":true,"audioPlay":false,"sceneViewState":{"m_AlwaysRefresh":false,"showFog":true,"showSkybox":true,"showFlares":true,"showImageEffects":true,"showParticleSystems":true,"showVisualEffectGraphs":true,"m_FxEnabled":true},"in2DMode":false,"pivot":{"x":0.03119567036628723,"y":1.2406268119812012,"z":-0.007441103458404541},"rotation":{"x":-0.03452656790614128,"y":0.43681666254997256,"z":-0.01678605005145073,"w":-0.8987478017807007},"size":1.039712905883789,"orthographic":true}